# ID,attitude,revenue (million $),water_available (million L),N_release (ton)
0,0.3,12,7321.25753,9047.297297
1,0.4,20,13374.49993,13222.97297
2,0.2,37,27606.52751,16702.7027
3,0.5,43,83504.33904,21574.32432
